
{
    "states": [
        {
            "name": "Andaman and Nicobar Islands",
            "districts": [
                {
                    "name": "Nicobar",
                    "cities": ["Car Nicobar"]
                },
                {
                    "name": "North and Middle Andaman",
                    "cities": ["Mayabunder", "Diglipur"]
                },
                {
                    "name": "South Andaman",
                    "cities": ["Port Blair"]
                }
            ]
        },
        {
            "name": "Andhra Pradesh",
            "districts": [
                { "name": "Anantapur", "cities": ["Anantapur", "Guntakal", "Hindupur", "Kadiri", "Tadpatri"] },
                { "name": "Chittoor", "cities": ["Chittoor", "Tirupati", "Madanapalle", "Srikalahasti"] },
                { "name": "East Godavari", "cities": ["Kakinada", "Rajahmundry", "Amalapuram"] },
                { "name": "Guntur", "cities": ["Guntur", "Tenali", "Narasaraopet"] },
                { "name": "Kadapa", "cities": ["Kadapa", "Proddatur", "Rajampet"] },
                { "name": "Krishna", "cities": ["Vijayawada", "Machilipatnam", "Gudivada"] },
                { "name": "Kurnool", "cities": ["Kurnool", "Nandyal", "Adoni"] },
                { "name": "Prakasam", "cities": ["Ongole", "Chirala", "Markapur"] },
                { "name": "Nellore", "cities": ["Nellore", "Gudur", "Kavali"] },
                { "name": "Srikakulam", "cities": ["Srikakulam", "Palasa", "Tekkali"] },
                { "name": "Visakhapatnam", "cities": ["Visakhapatnam", "Anakapalle", "Bheemunipatnam"] },
                { "name": "Vizianagaram", "cities": ["Vizianagaram", "Bobbili", "Parvathipuram"] },
                { "name": "West Godavari", "cities": ["Eluru", "Bhimavaram", "Tadepalligudem"] }
            ]
        },
        {
            "name": "Arunachal Pradesh",
            "districts": [
                { "name": "Tawang", "cities": ["Tawang"] },
                { "name": "West Kameng", "cities": ["Bomdila"] },
                { "name": "East Kameng", "cities": ["Seppa"] },
                { "name": "Papum Pare", "cities": ["Itanagar", "Naharlagun"] },
                { "name": "Lower Subansiri", "cities": ["Ziro"] },
                { "name": "Upper Subansiri", "cities": ["Daporijo"] },
                { "name": "West Siang", "cities": ["Aalo"] },
                { "name": "East Siang", "cities": ["Pasighat"] },
                { "name": "Upper Siang", "cities": ["Yingkiong"] },
                { "name": "Lohit", "cities": ["Tezu"] },
                { "name": "Dibang Valley", "cities": ["Anini"] },
                { "name": "Lower Dibang Valley", "cities": ["Roing"] },
                { "name": "Anjaw", "cities": ["Hawai"] },
                { "name": "Changlang", "cities": ["Changlang", "Miao"] },
                { "name": "Tirap", "cities": ["Khonsa"] },
                { "name": "Longding", "cities": ["Longding"] }
            ]
        },
        {
            "name": "Assam",
            "districts": [
                { "name": "Baksa", "cities": ["Mushalpur"] },
                { "name": "Barpeta", "cities": ["Barpeta", "Barpeta Road"] },
                { "name": "Biswanath", "cities": ["Biswanath Chariali"] },
                { "name": "Bongaigaon", "cities": ["Bongaigaon"] },
                { "name": "Cachar", "cities": ["Silchar", "Lakhipur"] },
                { "name": "Charaideo", "cities": ["Sonari"] },
                { "name": "Chirang", "cities": ["Kajalgaon"] },
                { "name": "Darrang", "cities": ["Mangaldoi"] },
                { "name": "Dhemaji", "cities": ["Dhemaji"] },
                { "name": "Dhubri", "cities": ["Dhubri", "Gauripur"] },
                { "name": "Dibrugarh", "cities": ["Dibrugarh", "Naharkatia"] },
                { "name": "Dima Hasao", "cities": ["Haflong"] },
                { "name": "Goalpara", "cities": ["Goalpara"] },
                { "name": "Golaghat", "cities": ["Golaghat"] },
                { "name": "Hailakandi", "cities": ["Hailakandi"] },
                { "name": "Hojai", "cities": ["Hojai"] },
                { "name": "Jorhat", "cities": ["Jorhat", "Titabar"] },
                { "name": "Kamrup Metropolitan", "cities": ["Guwahati"] },
                { "name": "Kamrup", "cities": ["Amingaon", "Rangia"] },
                { "name": "Karbi Anglong", "cities": ["Diphu"] },
                { "name": "Karimganj", "cities": ["Karimganj"] },
                { "name": "Kokrajhar", "cities": ["Kokrajhar"] },
                { "name": "Lakhimpur", "cities": ["North Lakhimpur"] },
                { "name": "Majuli", "cities": ["Garamur"] },
                { "name": "Morigaon", "cities": ["Morigaon"] },
                { "name": "Nagaon", "cities": ["Nagaon"] },
                { "name": "Nalbari", "cities": ["Nalbari"] },
                { "name": "Sivasagar", "cities": ["Sivasagar"] },
                { "name": "Sonitpur", "cities": ["Tezpur", "Dhekiajuli"] },
                { "name": "South Salmara-Mankachar", "cities": ["Hatsingimari"] },
                { "name": "Tinsukia", "cities": ["Tinsukia", "Digboi", "Margherita"] },
                { "name": "Udalguri", "cities": ["Udalguri"] },
                { "name": "West Karbi Anglong", "cities": ["Hamren"] }
            ]
        },
        {
            "name": "Bihar",
            "districts": [
                { "name": "Araria", "cities": ["Araria", "Forbesganj"] },
                { "name": "Arwal", "cities": ["Arwal"] },
                { "name": "Aurangabad", "cities": ["Aurangabad"] },
                { "name": "Banka", "cities": ["Banka"] },
                { "name": "Begusarai", "cities": ["Begusarai"] },
                { "name": "Bhagalpur", "cities": ["Bhagalpur"] },
                { "name": "Bhojpur", "cities": ["Arrah"] },
                { "name": "Buxar", "cities": ["Buxar"] },
                { "name": "Darbhanga", "cities": ["Darbhanga"] },
                { "name": "East Champaran", "cities": ["Motihari", "Raxaul"] },
                { "name": "Gaya", "cities": ["Gaya", "Bodh Gaya"] },
                { "name": "Gopalganj", "cities": ["Gopalganj"] },
                { "name": "Jamui", "cities": ["Jamui"] },
                { "name": "Jehanabad", "cities": ["Jehanabad"] },
                { "name": "Kaimur", "cities": ["Bhabua"] },
                { "name": "Katihar", "cities": ["Katihar"] },
                { "name": "Khagaria", "cities": ["Khagaria"] },
                { "name": "Kishanganj", "cities": ["Kishanganj"] },
                { "name": "Lakhisarai", "cities": ["Lakhisarai"] },
                { "name": "Madhepura", "cities": ["Madhepura"] },
                { "name": "Madhubani", "cities": ["Madhubani"] },
                { "name": "Munger", "cities": ["Munger"] },
                { "name": "Muzaffarpur", "cities": ["Muzaffarpur"] },
                { "name": "Nalanda", "cities": ["Bihar Sharif", "Rajgir"] },
                { "name": "Nawada", "cities": ["Nawada"] },
                { "name": "Patna", "cities": ["Patna", "Danapur", "Patna City"] },
                { "name": "Purnia", "cities": ["Purnia"] },
                { "name": "Rohtas", "cities": ["Sasaram", "Dehri"] },
                { "name": "Saharsa", "cities": ["Saharsa"] },
                { "name": "Samastipur", "cities": ["Samastipur"] },
                { "name": "Saran", "cities": ["Chhapra"] },
                { "name": "Sheikhpura", "cities": ["Sheikhpura"] },
                { "name": "Sheohar", "cities": ["Sheohar"] },
                { "name": "Sitamarhi", "cities": ["Sitamarhi"] },
                { "name": "Siwan", "cities": ["Siwan"] },
                { "name": "Supaul", "cities": ["Supaul"] },
                { "name": "Vaishali", "cities": ["Hajipur"] },
                { "name": "West Champaran", "cities": ["Bettiah", "Bagaha"] }
            ]
        },
        {
            "name": "Chandigarh",
            "districts": [
                { "name": "Chandigarh", "cities": ["Chandigarh"] }
            ]
        },
        {
            "name": "Chhattisgarh",
            "districts": [
                { "name": "Balod", "cities": ["Balod"] },
                { "name": "Baloda Bazar", "cities": ["Baloda Bazar"] },
                { "name": "Balrampur", "cities": ["Balrampur"] },
                { "name": "Bastar", "cities": ["Jagdalpur"] },
                { "name": "Bemetara", "cities": ["Bemetara"] },
                { "name": "Bijapur", "cities": ["Bijapur"] },
                { "name": "Bilaspur", "cities": ["Bilaspur"] },
                { "name": "Dantewada", "cities": ["Dantewada"] },
                { "name": "Dhamtari", "cities": ["Dhamtari"] },
                { "name": "Durg", "cities": ["Durg", "Bhilai"] },
                { "name": "Gariaband", "cities": ["Gariaband"] },
                { "name": "Janjgir-Champa", "cities": ["Janjgir", "Champa", "Naila"] },
                { "name": "Jashpur", "cities": ["Jashpur Nagar"] },
                { "name": "Kabirdham", "cities": ["Kawardha"] },
                { "name": "Kanker", "cities": ["Kanker"] },
                { "name": "Kondagaon", "cities": ["Kondagaon"] },
                { "name": "Korba", "cities": ["Korba"] },
                { "name": "Koriya", "cities": ["Baikunthpur"] },
                { "name": "Mahasamund", "cities": ["Mahasamund"] },
                { "name": "Mungeli", "cities": ["Mungeli"] },
                { "name": "Narayanpur", "cities": ["Narayanpur"] },
                { "name": "Raigarh", "cities": ["Raigarh"] },
                { "name": "Raipur", "cities": ["Raipur"] },
                { "name": "Rajnandgaon", "cities": ["Rajnandgaon"] },
                { "name": "Sukma", "cities": ["Sukma"] },
                { "name": "Surajpur", "cities": ["Surajpur"] },
                { "name": "Surguja", "cities": ["Ambikapur"] }
            ]
        },
        {
            "name": "Dadra and Nagar Haveli and Daman and Diu",
            "districts": [
                { "name": "Daman", "cities": ["Daman"] },
                { "name": "Diu", "cities": ["Diu"] },
                { "name": "Dadra and Nagar Haveli", "cities": ["Silvassa"] }
            ]
        },
        {
            "name": "Delhi",
            "districts": [
                { "name": "Central Delhi", "cities": ["Daryaganj", "Paharganj", "Karol Bagh"] },
                { "name": "East Delhi", "cities": ["Gandhi Nagar", "Preet Vihar", "Shahdara"] },
                { "name": "New Delhi", "cities": ["Connaught Place", "Chanakyapuri", "Vasant Vihar"] },
                { "name": "North Delhi", "cities": ["Sadar Bazar", "Kotwali", "Civil Lines"] },
                { "name": "North East Delhi", "cities": ["Seelampur", "Yamuna Vihar", "Karawal Nagar"] },
                { "name": "North West Delhi", "cities": ["Rohini", "Kanjhawala", "Saraswati Vihar"] },
                { "name": "Shahdara", "cities": ["Shahdara", "Seemapuri"] },
                { "name": "South Delhi", "cities": ["Saket", "Hauz Khas", "Mehrauli"] },
                { "name": "South East Delhi", "cities": ["Defence Colony", "Kalkaji", "Sarita Vihar"] },
                { "name": "South West Delhi", "cities": ["Delhi Cantonment", "Najafgarh", "Vasant Vihar"] },
                { "name": "West Delhi", "cities": ["Patel Nagar", "Rajouri Garden", "Punjabi Bagh"] }
            ]
        },
        {
            "name": "Goa",
            "districts": [
                { "name": "North Goa", "cities": ["Panaji", "Mapusa", "Bicholim"] },
                { "name": "South Goa", "cities": ["Margao", "Vasco da Gama", "Ponda"] }
            ]
        },
        {
            "name": "Gujarat",
            "districts": [
                { "name": "Ahmedabad", "cities": ["Ahmedabad", "Sanand", "Viramgam"] },
                { "name": "Amreli", "cities": ["Amreli", "Savarkundla", "Rajula"] },
                { "name": "Anand", "cities": ["Anand", "Khambhat", "Petlad"] },
                { "name": "Aravalli", "cities": ["Modasa"] },
                { "name": "Banaskantha", "cities": ["Palanpur", "Deesa"] },
                { "name": "Bharuch", "cities": ["Bharuch", "Ankleshwar"] },
                { "name": "Bhavnagar", "cities": ["Bhavnagar", "Mahuva", "Palitana"] },
                { "name": "Botad", "cities": ["Botad"] },
                { "name": "Chhota Udaipur", "cities": ["Chhota Udaipur"] },
                { "name": "Dahod", "cities": ["Dahod"] },
                { "name": "Dang", "cities": ["Ahwa"] },
                { "name": "Devbhoomi Dwarka", "cities": ["Khambhalia", "Dwarka"] },
                { "name": "Gandhinagar", "cities": ["Gandhinagar"] },
                { "name": "Gir Somnath", "cities": ["Veraval", "Somnath"] },
                { "name": "Jamnagar", "cities": ["Jamnagar"] },
                { "name": "Junagadh", "cities": ["Junagadh", "Keshod", "Mangrol"] },
                { "name": "Kheda", "cities": ["Nadiad", "Kheda"] },
                { "name": "Kutch", "cities": ["Bhuj", "Gandhidham", "Mandvi"] },
                { "name": "Mahisagar", "cities": ["Lunawada"] },
                { "name": "Mehsana", "cities": ["Mehsana", "Visnagar", "Kadi"] },
                { "name": "Morbi", "cities": ["Morbi"] },
                { "name": "Narmada", "cities": ["Rajpipla"] },
                { "name": "Navsari", "cities": ["Navsari", "Bilimora"] },
                { "name": "Panchmahal", "cities": ["Godhra", "Halol"] },
                { "name": "Patan", "cities": ["Patan"] },
                { "name": "Porbandar", "cities": ["Porbandar"] },
                { "name": "Rajkot", "cities": ["Rajkot", "Gondal", "Jetpur"] },
                { "name": "Sabarkantha", "cities": ["Himatnagar"] },
                { "name": "Surat", "cities": ["Surat", "Bardoli"] },
                { "name": "Surendranagar", "cities": ["Surendranagar", "Wadhwan"] },
                { "name": "Tapi", "cities": ["Vyara"] },
                { "name": "Vadodara", "cities": ["Vadodara"] },
                { "name": "Valsad", "cities": ["Valsad", "Vapi"] }
            ]
        },
        {
            "name": "Haryana",
            "districts": [
                { "name": "Ambala", "cities": ["Ambala"] },
                { "name": "Bhiwani", "cities": ["Bhiwani"] },
                { "name": "Charkhi Dadri", "cities": ["Charkhi Dadri"] },
                { "name": "Faridabad", "cities": ["Faridabad"] },
                { "name": "Fatehabad", "cities": ["Fatehabad"] },
                { "name": "Gurugram", "cities": ["Gurugram", "Manesar"] },
                { "name": "Hisar", "cities": ["Hisar"] },
                { "name": "Jhajjar", "cities": ["Jhajjar", "Bahadurgarh"] },
                { "name": "Jind", "cities": ["Jind"] },
                { "name": "Kaithal", "cities": ["Kaithal"] },
                { "name": "Karnal", "cities": ["Karnal"] },
                { "name": "Kurukshetra", "cities": ["Kurukshetra", "Thanesar"] },
                { "name": "Mahendragarh", "cities": ["Narnaul"] },
                { "name": "Nuh", "cities": ["Nuh"] },
                { "name": "Palwal", "cities": ["Palwal"] },
                { "name": "Panchkula", "cities": ["Panchkula"] },
                { "name": "Panipat", "cities": ["Panipat"] },
                { "name": "Rewari", "cities": ["Rewari"] },
                { "name": "Rohtak", "cities": ["Rohtak"] },
                { "name": "Sirsa", "cities": ["Sirsa"] },
                { "name": "Sonipat", "cities": ["Sonipat"] },
                { "name": "Yamunanagar", "cities": ["Yamunanagar", "Jagadhri"] }
            ]
        },
        {
            "name": "Himachal Pradesh",
            "districts": [
                { "name": "Bilaspur", "cities": ["Bilaspur"] },
                { "name": "Chamba", "cities": ["Chamba", "Dalhousie"] },
                { "name": "Hamirpur", "cities": ["Hamirpur"] },
                { "name": "Kangra", "cities": ["Dharamshala", "Palampur", "Kangra"] },
                { "name": "Kinnaur", "cities": ["Reckong Peo"] },
                { "name": "Kullu", "cities": ["Kullu", "Manali"] },
                { "name": "Lahaul and Spiti", "cities": ["Keylong"] },
                { "name": "Mandi", "cities": ["Mandi", "Sundargarh"] },
                { "name": "Shimla", "cities": ["Shimla"] },
                { "name": "Sirmaur", "cities": ["Nahan"] },
                { "name": "Solan", "cities": ["Solan", "Baddi"] },
                { "name": "Una", "cities": ["Una"] }
            ]
        },
        {
            "name": "Jammu and Kashmir",
            "districts": [
                { "name": "Anantnag", "cities": ["Anantnag"] },
                { "name": "Bandipora", "cities": ["Bandipora"] },
                { "name": "Baramulla", "cities": ["Baramulla", "Sopore", "Gulmarg"] },
                { "name": "Budgam", "cities": ["Budgam"] },
                { "name": "Doda", "cities": ["Doda"] },
                { "name": "Ganderbal", "cities": ["Ganderbal"] },
                { "name": "Jammu", "cities": ["Jammu"] },
                { "name": "Kathua", "cities": ["Kathua"] },
                { "name": "Kishtwar", "cities": ["Kishtwar"] },
                { "name": "Kulgam", "cities": ["Kulgam"] },
                { "name": "Kupwara", "cities": ["Kupwara"] },
                { "name": "Poonch", "cities": ["Poonch"] },
                { "name": "Pulwama", "cities": ["Pulwama", "Awantipora"] },
                { "name": "Rajouri", "cities": ["Rajouri"] },
                { "name": "Ramban", "cities": ["Ramban"] },
                { "name": "Reasi", "cities": ["Reasi", "Katra"] },
                { "name": "Samba", "cities": ["Samba"] },
                { "name": "Shopian", "cities": ["Shopian"] },
                { "name": "Srinagar", "cities": ["Srinagar"] },
                { "name": "Udhampur", "cities": ["Udhampur"] }
            ]
        },
        {
            "name": "Jharkhand",
            "districts": [
                { "name": "Bokaro", "cities": ["Bokaro Steel City", "Chas"] },
                { "name": "Chatra", "cities": ["Chatra"] },
                { "name": "Deoghar", "cities": ["Deoghar"] },
                { "name": "Dhanbad", "cities": ["Dhanbad"] },
                { "name": "Dumka", "cities": ["Dumka"] },
                { "name": "East Singhbhum", "cities": ["Jamshedpur", "Ghatshila"] },
                { "name": "Garhwa", "cities": ["Garhwa"] },
                { "name": "Giridih", "cities": ["Giridih"] },
                { "name": "Godda", "cities": ["Godda"] },
                { "name": "Gumla", "cities": ["Gumla"] },
                { "name": "Hazaribagh", "cities": ["Hazaribagh"] },
                { "name": "Jamtara", "cities": ["Jamtara"] },
                { "name": "Khunti", "cities": ["Khunti"] },
                { "name": "Koderma", "cities": ["Koderma"] },
                { "name": "Latehar", "cities": ["Latehar"] },
                { "name": "Lohardaga", "cities": ["Lohardaga"] },
                { "name": "Pakur", "cities": ["Pakur"] },
                { "name": "Palamu", "cities": ["Daltonganj"] },
                { "name": "Ramgarh", "cities": ["Ramgarh"] },
                { "name": "Ranchi", "cities": ["Ranchi"] },
                { "name": "Sahebganj", "cities": ["Sahebganj"] },
                { "name": "Seraikela Kharsawan", "cities": ["Seraikela"] },
                { "name": "Simdega", "cities": ["Simdega"] },
                { "name": "West Singhbhum", "cities": ["Chaibasa"] }
            ]
        },
        {
            "name": "Karnataka",
            "districts": [
                { "name": "Bagalkot", "cities": ["Bagalkot", "Badami"] },
                { "name": "Ballari", "cities": ["Ballari", "Hospet"] },
                { "name": "Belagavi", "cities": ["Belagavi", "Gokak", "Nippani"] },
                { "name": "Bengaluru Rural", "cities": ["Devanahalli", "Doddaballapura"] },
                { "name": "Bengaluru Urban", "cities": ["Bengaluru"] },
                { "name": "Bidar", "cities": ["Bidar"] },
                { "name": "Chamarajanagar", "cities": ["Chamarajanagar"] },
                { "name": "Chikkaballapur", "cities": ["Chikkaballapur"] },
                { "name": "Chikkamagaluru", "cities": ["Chikkamagaluru", "Kadur"] },
                { "name": "Chitradurga", "cities": ["Chitradurga"] },
                { "name": "Dakshina Kannada", "cities": ["Mangaluru", "Puttur"] },
                { "name": "Davanagere", "cities": ["Davanagere"] },
                { "name": "Dharwad", "cities": ["Dharwad", "Hubballi"] },
                { "name": "Gadag", "cities": ["Gadag"] },
                { "name": "Hassan", "cities": ["Hassan", "Arsikere"] },
                { "name": "Haveri", "cities": ["Haveri"] },
                { "name": "Kalaburagi", "cities": ["Kalaburagi"] },
                { "name": "Kodagu", "cities": ["Madikeri"] },
                { "name": "Kolar", "cities": ["Kolar", "KGF"] },
                { "name": "Koppal", "cities": ["Koppal"] },
                { "name": "Mandya", "cities": ["Mandya", "Srirangapatna"] },
                { "name": "Mysuru", "cities": ["Mysuru"] },
                { "name": "Raichur", "cities": ["Raichur"] },
                { "name": "Ramanagara", "cities": ["Ramanagara"] },
                { "name": "Shivamogga", "cities": ["Shivamogga", "Bhadravati"] },
                { "name": "Tumakuru", "cities": ["Tumakuru", "Tiptur"] },
                { "name": "Udupi", "cities": ["Udupi", "Manipal"] },
                { "name": "Uttara Kannada", "cities": ["Karwar", "Sirsi", "Dandeli"] },
                { "name": "Vijayapura", "cities": ["Vijayapura"] },
                { "name": "Yadgir", "cities": ["Yadgir"] }
            ]
        },
        {
            "name": "Kerala",
            "districts": [
                { "name": "Alappuzha", "cities": ["Alappuzha", "Kayamkulam", "Chengannur"] },
                { "name": "Ernakulam", "cities": ["Kochi", "Aluva", "Muvattupuzha"] },
                { "name": "Idukki", "cities": ["Thodupuzha", "Kattappana"] },
                { "name": "Kannur", "cities": ["Kannur", "Thalassery"] },
                { "name": "Kasaragod", "cities": ["Kasaragod", "Kanhangad"] },
                { "name": "Kollam", "cities": ["Kollam", "Punalur"] },
                { "name": "Kottayam", "cities": ["Kottayam", "Changanassery"] },
                { "name": "Kozhikode", "cities": ["Kozhikode", "Vadakara"] },
                { "name": "Malappuram", "cities": ["Malappuram", "Tirur", "Perinthalmanna"] },
                { "name": "Palakkad", "cities": ["Palakkad", "Ottapalam"] },
                { "name": "Pathanamthitta", "cities": ["Pathanamthitta", "Thiruvalla"] },
                { "name": "Thiruvananthapuram", "cities": ["Thiruvananthapuram", "Varkala", "Neyyattinkara"] },
                { "name": "Thrissur", "cities": ["Thrissur", "Chalakudy", "Guruvayur"] },
                { "name": "Wayanad", "cities": ["Kalpetta", "Sulthan Bathery"] }
            ]
        },
        {
            "name": "Ladakh",
            "districts": [
                { "name": "Kargil", "cities": ["Kargil"] },
                { "name": "Leh", "cities": ["Leh"] }
            ]
        },
        {
            "name": "Lakshadweep",
            "districts": [
                { "name": "Lakshadweep", "cities": ["Kavaratti", "Agatti"] }
            ]
        },
        {
            "name": "Madhya Pradesh",
            "districts": [
                { "name": "Agar Malwa", "cities": ["Agar"] },
                { "name": "Alirajpur", "cities": ["Alirajpur"] },
                { "name": "Anuppur", "cities": ["Anuppur"] },
                { "name": "Ashoknagar", "cities": ["Ashoknagar"] },
                { "name": "Balaghat", "cities": ["Balaghat"] },
                { "name": "Barwani", "cities": ["Barwani"] },
                { "name": "Betul", "cities": ["Betul"] },
                { "name": "Bhind", "cities": ["Bhind"] },
                { "name": "Bhopal", "cities": ["Bhopal"] },
                { "name": "Burhanpur", "cities": ["Burhanpur"] },
                { "name": "Chhatarpur", "cities": ["Chhatarpur"] },
                { "name": "Chhindwara", "cities": ["Chhindwara"] },
                { "name": "Damoh", "cities": ["Damoh"] },
                { "name": "Datia", "cities": ["Datia"] },
                { "name": "Dewas", "cities": ["Dewas"] },
                { "name": "Dhar", "cities": ["Dhar", "Pithampur"] },
                { "name": "Dindori", "cities": ["Dindori"] },
                { "name": "Guna", "cities": ["Guna"] },
                { "name": "Gwalior", "cities": ["Gwalior"] },
                { "name": "Harda", "cities": ["Harda"] },
                { "name": "Hoshangabad", "cities": ["Hoshangabad", "Itarsi"] },
                { "name": "Indore", "cities": ["Indore", "Mhow"] },
                { "name": "Jabalpur", "cities": ["Jabalpur"] },
                { "name": "Jhabua", "cities": ["Jhabua"] },
                { "name": "Katni", "cities": ["Katni"] },
                { "name": "Khandwa", "cities": ["Khandwa"] },
                { "name": "Khargone", "cities": ["Khargone"] },
                { "name": "Mandla", "cities": ["Mandla"] },
                { "name": "Mandsaur", "cities": ["Mandsaur"] },
                { "name": "Morena", "cities": ["Morena"] },
                { "name": "Narsinghpur", "cities": ["Narsinghpur"] },
                { "name": "Neemuch", "cities": ["Neemuch"] },
                { "name": "Panna", "cities": ["Panna"] },
                { "name": "Raisen", "cities": ["Raisen"] },
                { "name": "Rajgarh", "cities": ["Rajgarh"] },
                { "name": "Ratlam", "cities": ["Ratlam"] },
                { "name": "Rewa", "cities": ["Rewa"] },
                { "name": "Sagar", "cities": ["Sagar"] },
                { "name": "Satna", "cities": ["Satna"] },
                { "name": "Sehore", "cities": ["Sehore"] },
                { "name": "Seoni", "cities": ["Seoni"] },
                { "name": "Shahdol", "cities": ["Shahdol"] },
                { "name": "Shajapur", "cities": ["Shajapur"] },
                { "name": "Sheopur", "cities": ["Sheopur"] },
                { "name": "Shivpuri", "cities": ["Shivpuri"] },
                { "name": "Sidhi", "cities": ["Sidhi"] },
                { "name": "Singrauli", "cities": ["Singrauli"] },
                { "name": "Tikamgarh", "cities": ["Tikamgarh"] },
                { "name": "Ujjain", "cities": ["Ujjain"] },
                { "name": "Umaria", "cities": ["Umaria"] },
                { "name": "Vidisha", "cities": ["Vidisha"] }
            ]
        },
        {
            "name": "Maharashtra",
            "districts": [
                { "name": "Ahmednagar", "cities": ["Ahmednagar", "Shirdi"] },
                { "name": "Akola", "cities": ["Akola"] },
                { "name": "Amravati", "cities": ["Amravati"] },
                { "name": "Aurangabad", "cities": ["Aurangabad"] },
                { "name": "Beed", "cities": ["Beed"] },
                { "name": "Bhandara", "cities": ["Bhandara"] },
                { "name": "Buldhana", "cities": ["Buldhana"] },
                { "name": "Chandrapur", "cities": ["Chandrapur"] },
                { "name": "Dhule", "cities": ["Dhule"] },
                { "name": "Gadchiroli", "cities": ["Gadchiroli"] },
                { "name": "Gondia", "cities": ["Gondia"] },
                { "name": "Hingoli", "cities": ["Hingoli"] },
                { "name": "Jalgaon", "cities": ["Jalgaon"] },
                { "name": "Jalna", "cities": ["Jalna"] },
                { "name": "Kolhapur", "cities": ["Kolhapur", "Ichalkaranji"] },
                { "name": "Latur", "cities": ["Latur"] },
                { "name": "Mumbai City", "cities": ["Mumbai"] },
                { "name": "Mumbai Suburban", "cities": ["Bandra", "Andheri", "Borivali"] },
                { "name": "Nagpur", "cities": ["Nagpur"] },
                { "name": "Nanded", "cities": ["Nanded"] },
                { "name": "Nandurbar", "cities": ["Nandurbar"] },
                { "name": "Nashik", "cities": ["Nashik", "Malegaon"] },
                { "name": "Osmanabad", "cities": ["Osmanabad"] },
                { "name": "Palghar", "cities": ["Palghar", "Vasai-Virar"] },
                { "name": "Parbhani", "cities": ["Parbhani"] },
                { "name": "Pune", "cities": ["Pune", "Pimpri-Chinchwad", "Baramati"] },
                { "name": "Raigad", "cities": ["Alibag", "Panvel"] },
                { "name": "Ratnagiri", "cities": ["Ratnagiri"] },
                { "name": "Sangli", "cities": ["Sangli", "Miraj"] },
                { "name": "Satara", "cities": ["Satara"] },
                { "name": "Sindhudurg", "cities": ["Oros"] },
                { "name": "Solapur", "cities": ["Solapur", "Pandharpur"] },
                { "name": "Thane", "cities": ["Thane", "Kalyan-Dombivali", "Ulhasnagar", "Navi Mumbai"] },
                { "name": "Wardha", "cities": ["Wardha"] },
                { "name": "Washim", "cities": ["Washim"] },
                { "name": "Yavatmal", "cities": ["Yavatmal"] }
            ]
        },
        {
            "name": "Manipur",
            "districts": [
                { "name": "Bishnupur", "cities": ["Bishnupur"] },
                { "name": "Chandel", "cities": ["Chandel"] },
                { "name": "Churachandpur", "cities": ["Churachandpur"] },
                { "name": "Imphal East", "cities": ["Porompat"] },
                { "name": "Imphal West", "cities": ["Imphal", "Lamphelpat"] },
                { "name": "Jiribam", "cities": ["Jiribam"] },
                { "name": "Kakching", "cities": ["Kakching"] },
                { "name": "Kamjong", "cities": ["Kamjong"] },
                { "name": "Kangpokpi", "cities": ["Kangpokpi"] },
                { "name": "Noney", "cities": ["Noney"] },
                { "name": "Pherzawl", "cities": ["Pherzawl"] },
                { "name": "Senapati", "cities": ["Senapati"] },
                { "name": "Tamenglong", "cities": ["Tamenglong"] },
                { "name": "Tengnoupal", "cities": ["Tengnoupal"] },
                { "name": "Thoubal", "cities": ["Thoubal"] },
                { "name": "Ukhrul", "cities": ["Ukhrul"] }
            ]
        },
        {
            "name": "Meghalaya",
            "districts": [
                { "name": "East Garo Hills", "cities": ["Williamnagar"] },
                { "name": "East Jaintia Hills", "cities": ["Khliehriat"] },
                { "name": "East Khasi Hills", "cities": ["Shillong", "Cherrapunji"] },
                { "name": "North Garo Hills", "cities": ["Resubelpara"] },
                { "name": "Ri Bhoi", "cities": ["Nongpoh"] },
                { "name": "South Garo Hills", "cities": ["Baghmara"] },
                { "name": "South West Garo Hills", "cities": ["Ampati"] },
                { "name": "South West Khasi Hills", "cities": ["Mawkyrwat"] },
                { "name": "West Garo Hills", "cities": ["Tura"] },
                { "name": "West Jaintia Hills", "cities": ["Jowai"] },
                { "name": "West Khasi Hills", "cities": ["Nongstoin"] }
            ]
        },
        {
            "name": "Mizoram",
            "districts": [
                { "name": "Aizawl", "cities": ["Aizawl"] },
                { "name": "Champhai", "cities": ["Champhai"] },
                { "name": "Kolasib", "cities": ["Kolasib"] },
                { "name": "Lawngtlai", "cities": ["Lawngtlai"] },
                { "name": "Lunglei", "cities": ["Lunglei"] },
                { "name": "Mamit", "cities": ["Mamit"] },
                { "name": "Saiha", "cities": ["Saiha"] },
                { "name": "Serchhip", "cities": ["Serchhip"] }
            ]
        },
        {
            "name": "Nagaland",
            "districts": [
                { "name": "Dimapur", "cities": ["Dimapur"] },
                { "name": "Kiphire", "cities": ["Kiphire"] },
                { "name": "Kohima", "cities": ["Kohima"] },
                { "name": "Longleng", "cities": ["Longleng"] },
                { "name": "Mokokchung", "cities": ["Mokokchung"] },
                { "name": "Mon", "cities": ["Mon"] },
                { "name": "Peren", "cities": ["Peren"] },
                { "name": "Phek", "cities": ["Phek"] },
                { "name": "Tuensang", "cities": ["Tuensang"] },
                { "name": "Wokha", "cities": ["Wokha"] },
                { "name": "Zunheboto", "cities": ["Zunheboto"] }
            ]
        },
        {
            "name": "Odisha",
            "districts": [
                { "name": "Angul", "cities": ["Angul", "Talcher"] },
                { "name": "Balangir", "cities": ["Balangir"] },
                { "name": "Balasore", "cities": ["Balasore"] },
                { "name": "Bargarh", "cities": ["Bargarh"] },
                { "name": "Bhadrak", "cities": ["Bhadrak"] },
                { "name": "Boudh", "cities": ["Boudh"] },
                { "name": "Cuttack", "cities": ["Cuttack"] },
                { "name": "Deogarh", "cities": ["Deogarh"] },
                { "name": "Dhenkanal", "cities": ["Dhenkanal"] },
                { "name": "Gajapati", "cities": ["Paralakhemundi"] },
                { "name": "Ganjam", "cities": ["Berhampur", "Chhatrapur"] },
                { "name": "Jagatsinghpur", "cities": ["Jagatsinghpur"] },
                { "name": "Jajpur", "cities": ["Jajpur"] },
                { "name": "Jharsuguda", "cities": ["Jharsuguda"] },
                { "name": "Kalahandi", "cities": ["Bhawanipatna"] },
                { "name": "Kandhamal", "cities": ["Phulbani"] },
                { "name": "Kendrapara", "cities": ["Kendrapara"] },
                { "name": "Kendujhar", "cities": ["Kendujhar"] },
                { "name": "Khordha", "cities": ["Bhubaneswar", "Khordha"] },
                { "name": "Koraput", "cities": ["Koraput", "Jeypore"] },
                { "name": "Malkangiri", "cities": ["Malkangiri"] },
                { "name": "Mayurbhanj", "cities": ["Baripada"] },
                { "name": "Nabarangpur", "cities": ["Nabarangpur"] },
                { "name": "Nayagarh", "cities": ["Nayagarh"] },
                { "name": "Nuapada", "cities": ["Nuapada"] },
                { "name": "Puri", "cities": ["Puri", "Konark"] },
                { "name": "Rayagada", "cities": ["Rayagada"] },
                { "name": "Sambalpur", "cities": ["Sambalpur"] },
                { "name": "Subarnapur", "cities": ["Subarnapur"] },
                { "name": "Sundargarh", "cities": ["Sundargarh", "Rourkela"] }
            ]
        },
        {
            "name": "Puducherry",
            "districts": [
                { "name": "Karaikal", "cities": ["Karaikal"] },
                { "name": "Mahe", "cities": ["Mahe"] },
                { "name": "Puducherry", "cities": ["Puducherry"] },
                { "name": "Yanam", "cities": ["Yanam"] }
            ]
        },
        {
            "name": "Punjab",
            "districts": [
                { "name": "Amritsar", "cities": ["Amritsar"] },
                { "name": "Barnala", "cities": ["Barnala"] },
                { "name": "Bathinda", "cities": ["Bathinda"] },
                { "name": "Faridkot", "cities": ["Faridkot"] },
                { "name": "Fatehgarh Sahib", "cities": ["Sirhind-Fategarh"] },
                { "name": "Fazilka", "cities": ["Fazilka"] },
                { "name": "Ferozepur", "cities": ["Ferozepur"] },
                { "name": "Gurdaspur", "cities": ["Gurdaspur", "Batala"] },
                { "name": "Hoshiarpur", "cities": ["Hoshiarpur"] },
                { "name": "Jalandhar", "cities": ["Jalandhar"] },
                { "name": "Kapurthala", "cities": ["Kapurthala"] },
                { "name": "Ludhiana", "cities": ["Ludhiana"] },
                { "name": "Mansa", "cities": ["Mansa"] },
                { "name": "Moga", "cities": ["Moga"] },
                { "name": "Mohali", "cities": ["Mohali"] },
                { "name": "Muktsar", "cities": ["Sri Muktsar Sahib"] },
                { "name": "Pathankot", "cities": ["Pathankot"] },
                { "name": "Patiala", "cities": ["Patiala"] },
                { "name": "Rupnagar", "cities": ["Rupnagar"] },
                { "name": "Sangrur", "cities": ["Sangrur"] },
                { "name": "Shaheed Bhagat Singh Nagar", "cities": ["Nawanshahr"] },
                { "name": "Tarn Taran", "cities": ["Tarn Taran"] }
            ]
        },
        {
            "name": "Rajasthan",
            "districts": [
                { "name": "Ajmer", "cities": ["Ajmer", "Kishangarh", "Beawar"] },
                { "name": "Alwar", "cities": ["Alwar", "Bhiwadi"] },
                { "name": "Banswara", "cities": ["Banswara"] },
                { "name": "Baran", "cities": ["Baran"] },
                { "name": "Barmer", "cities": ["Barmer"] },
                { "name": "Bharatpur", "cities": ["Bharatpur"] },
                { "name": "Bhilwara", "cities": ["Bhilwara"] },
                { "name": "Bikaner", "cities": ["Bikaner"] },
                { "name": "Bundi", "cities": ["Bundi"] },
                { "name": "Chittorgarh", "cities": ["Chittorgarh"] },
                { "name": "Churu", "cities": ["Churu", "Sujangarh"] },
                { "name": "Dausa", "cities": ["Dausa"] },
                { "name": "Dholpur", "cities": ["Dholpur"] },
                { "name": "Dungarpur", "cities": ["Dungarpur"] },
                { "name": "Hanumangarh", "cities": ["Hanumangarh"] },
                { "name": "Jaipur", "cities": ["Jaipur", "Chomu", "Shahpura"] },
                { "name": "Jaisalmer", "cities": ["Jaisalmer", "Pokhran"] },
                { "name": "Jalore", "cities": ["Jalore"] },
                { "name": "Jhalawar", "cities": ["Jhalawar"] },
                { "name": "Jhunjhunu", "cities": ["Jhunjhunu"] },
                { "name": "Jodhpur", "cities": ["Jodhpur"] },
                { "name": "Karauli", "cities": ["Karauli"] },
                { "name": "Kota", "cities": ["Kota"] },
                { "name": "Nagaur", "cities": ["Nagaur", "Makrana"] },
                { "name": "Pali", "cities": ["Pali"] },
                { "name": "Pratapgarh", "cities": ["Pratapgarh"] },
                { "name": "Rajsamand", "cities": ["Rajsamand"] },
                { "name": "Sawai Madhopur", "cities": ["Sawai Madhopur"] },
                { "name": "Sikar", "cities": ["Sikar"] },
                { "name": "Sirohi", "cities": ["Sirohi", "Mount Abu"] },
                { "name": "Sri Ganganagar", "cities": ["Sri Ganganagar"] },
                { "name": "Tonk", "cities": ["Tonk"] },
                { "name": "Udaipur", "cities": ["Udaipur"] }
            ]
        },
        {
            "name": "Sikkim",
            "districts": [
                { "name": "East Sikkim", "cities": ["Gangtok", "Rangpo"] },
                { "name": "North Sikkim", "cities": ["Mangan"] },
                { "name": "South Sikkim", "cities": ["Namchi"] },
                { "name": "West Sikkim", "cities": ["Geyzing"] }
            ]
        },
        {
            "name": "Tamil Nadu",
            "districts": [
                { "name": "Ariyalur", "cities": ["Ariyalur"] },
                { "name": "Chengalpattu", "cities": ["Chengalpattu", "Tambaram"] },
                { "name": "Chennai", "cities": ["Chennai"] },
                { "name": "Coimbatore", "cities": ["Coimbatore", "Pollachi"] },
                { "name": "Cuddalore", "cities": ["Cuddalore", "Chidambaram"] },
                { "name": "Dharmapuri", "cities": ["Dharmapuri"] },
                { "name": "Dindigul", "cities": ["Dindigul", "Palani"] },
                { "name": "Erode", "cities": ["Erode", "Gobichettipalayam"] },
                { "name": "Kallakurichi", "cities": ["Kallakurichi"] },
                { "name": "Kanchipuram", "cities": ["Kanchipuram"] },
                { "name": "Kanyakumari", "cities": ["Nagercoil"] },
                { "name": "Karur", "cities": ["Karur"] },
                { "name": "Krishnagiri", "cities": ["Krishnagiri", "Hosur"] },
                { "name": "Madurai", "cities": ["Madurai"] },
                { "name": "Nagapattinam", "cities": ["Nagapattinam"] },
                { "name": "Namakkal", "cities": ["Namakkal", "Tiruchengode"] },
                { "name": "Nilgiris", "cities": ["Ooty", "Coonoor"] },
                { "name": "Perambalur", "cities": ["Perambalur"] },
                { "name": "Pudukkottai", "cities": ["Pudukkottai"] },
                { "name": "Ramanathapuram", "cities": ["Ramanathapuram", "Rameswaram"] },
                { "name": "Ranipet", "cities": ["Ranipet", "Arakkonam"] },
                { "name": "Salem", "cities": ["Salem"] },
                { "name": "Sivaganga", "cities": ["Sivaganga", "Karaikudi"] },
                { "name": "Tenkasi", "cities": ["Tenkasi"] },
                { "name": "Thanjavur", "cities": ["Thanjavur", "Kumbakonam"] },
                { "name": "Theni", "cities": ["Theni"] },
                { "name": "Thoothukudi", "cities": ["Thoothukudi"] },
                { "name": "Tiruchirappalli", "cities": ["Tiruchirappalli", "Srirangam"] },
                { "name": "Tirunelveli", "cities": ["Tirunelveli"] },
                { "name": "Tirupathur", "cities": ["Tirupathur"] },
                { "name": "Tiruppur", "cities": ["Tiruppur"] },
                { "name": "Tiruvallur", "cities": ["Tiruvallur"] },
                { "name": "Tiruvannamalai", "cities": ["Tiruvannamalai"] },
                { "name": "Tiruvarur", "cities": ["Tiruvarur"] },
                { "name": "Vellore", "cities": ["Vellore"] },
                { "name": "Viluppuram", "cities": ["Viluppuram"] },
                { "name": "Virudhunagar", "cities": ["Virudhunagar", "Sivakasi"] }
            ]
        },
        {
            "name": "Telangana",
            "districts": [
                { "name": "Adilabad", "cities": ["Adilabad"] },
                { "name": "Bhadradri Kothagudem", "cities": ["Kothagudem"] },
                { "name": "Hyderabad", "cities": ["Hyderabad"] },
                { "name": "Jagtial", "cities": ["Jagtial"] },
                { "name": "Jangaon", "cities": ["Jangaon"] },
                { "name": "Jayashankar Bhupalpally", "cities": ["Bhupalpally"] },
                { "name": "Jogulamba Gadwal", "cities": ["Gadwal"] },
                { "name": "Kamareddy", "cities": ["Kamareddy"] },
                { "name": "Karimnagar", "cities": ["Karimnagar"] },
                { "name": "Khammam", "cities": ["Khammam"] },
                { "name": "Komaram Bheem", "cities": ["Asifabad"] },
                { "name": "Mahabubabad", "cities": ["Mahabubabad"] },
                { "name": "Mahabubnagar", "cities": ["Mahabubnagar"] },
                { "name": "Mancherial", "cities": ["Mancherial"] },
                { "name": "Medak", "cities": ["Medak"] },
                { "name": "Medchal-Malkajgiri", "cities": ["Medchal", "Malkajgiri", "Keesara"] },
                { "name": "Nagarkurnool", "cities": ["Nagarkurnool"] },
                { "name": "Nalgonda", "cities": ["Nalgonda"] },
                { "name": "Nirmal", "cities": ["Nirmal"] },
                { "name": "Nizamabad", "cities": ["Nizamabad"] },
                { "name": "Peddapalli", "cities": ["Peddapalli"] },
                { "name": "Rajanna Sircilla", "cities": ["Sircilla"] },
                { "name": "Ranga Reddy", "cities": ["Shamshabad"] },
                { "name": "Sangareddy", "cities": ["Sangareddy"] },
                { "name": "Siddipet", "cities": ["Siddipet"] },
                { "name": "Suryapet", "cities": ["Suryapet"] },
                { "name": "Vikarabad", "cities": ["Vikarabad"] },
                { "name": "Wanaparthy", "cities": ["Wanaparthy"] },
                { "name": "Warangal Rural", "cities": ["Warangal"] },
                { "name": "Warangal Urban", "cities": ["Warangal"] },
                { "name": "Yadadri Bhuvanagiri", "cities": ["Bhuvanagiri"] }
            ]
        },
        {
            "name": "Tripura",
            "districts": [
                { "name": "Dhalai", "cities": ["Ambassa"] },
                { "name": "Gomati", "cities": ["Udaipur"] },
                { "name": "Khowai", "cities": ["Khowai"] },
                { "name": "North Tripura", "cities": ["Dharmanagar"] },
                { "name": "Sepahijala", "cities": ["Bishramganj"] },
                { "name": "South Tripura", "cities": ["Belonia"] },
                { "name": "Unakoti", "cities": ["Kailasahar"] },
                { "name": "West Tripura", "cities": ["Agartala"] }
            ]
        },
        {
            "name": "Uttar Pradesh",
            "districts": [
                { "name": "Agra", "cities": ["Agra"] },
                { "name": "Aligarh", "cities": ["Aligarh"] },
                { "name": "Allahabad", "cities": ["Allahabad"] },
                { "name": "Ambedkar Nagar", "cities": ["Akbarpur"] },
                { "name": "Amethi", "cities": ["Gauriganj"] },
                { "name": "Amroha", "cities": ["Amroha"] },
                { "name": "Auraiya", "cities": ["Auraiya"] },
                { "name": "Azamgarh", "cities": ["Azamgarh"] },
                { "name": "Baghpat", "cities": ["Baghpat"] },
                { "name": "Bahraich", "cities": ["Bahraich"] },
                { "name": "Ballia", "cities": ["Ballia"] },
                { "name": "Balrampur", "cities": ["Balrampur"] },
                { "name": "Banda", "cities": ["Banda"] },
                { "name": "Barabanki", "cities": ["Barabanki"] },
                { "name": "Bareilly", "cities": ["Bareilly"] },
                { "name": "Basti", "cities": ["Basti"] },
                { "name": "Bijnor", "cities": ["Bijnor"] },
                { "name": "Budaun", "cities": ["Budaun"] },
                { "name": "Bulandshahr", "cities": ["Bulandshahr"] },
                { "name": "Chandauli", "cities": ["Chandauli"] },
                { "name": "Chitrakoot", "cities": ["Chitrakoot"] },
                { "name": "Deoria", "cities": ["Deoria"] },
                { "name": "Etah", "cities": ["Etah"] },
                { "name": "Etawah", "cities": ["Etawah"] },
                { "name": "Faizabad", "cities": ["Faizabad", "Ayodhya"] },
                { "name": "Farrukhabad", "cities": ["Farrukhabad"] },
                { "name": "Fatehpur", "cities": ["Fatehpur"] },
                { "name": "Firozabad", "cities": ["Firozabad"] },
                { "name": "Gautam Buddha Nagar", "cities": ["Noida", "Greater Noida"] },
                { "name": "Ghaziabad", "cities": ["Ghaziabad"] },
                { "name": "Ghazipur", "cities": ["Ghazipur"] },
                { "name": "Gonda", "cities": ["Gonda"] },
                { "name": "Gorakhpur", "cities": ["Gorakhpur"] },
                { "name": "Hamirpur", "cities": ["Hamirpur"] },
                { "name": "Hapur", "cities": ["Hapur"] },
                { "name": "Hardoi", "cities": ["Hardoi"] },
                { "name": "Hathras", "cities": ["Hathras"] },
                { "name": "Jalaun", "cities": ["Orai"] },
                { "name": "Jaunpur", "cities": ["Jaunpur"] },
                { "name": "Jhansi", "cities": ["Jhansi"] },
                { "name": "Kannauj", "cities": ["Kannauj"] },
                { "name": "Kanpur Dehat", "cities": ["Akbarpur"] },
                { "name": "Kanpur Nagar", "cities": ["Kanpur"] },
                { "name": "Kasganj", "cities": ["Kasganj"] },
                { "name": "Kaushambi", "cities": ["Manjhanpur"] },
                { "name": "Kheri", "cities": ["Lakhimpur"] },
                { "name": "Kushinagar", "cities": ["Padrauna"] },
                { "name": "Lalitpur", "cities": ["Lalitpur"] },
                { "name": "Lucknow", "cities": ["Lucknow"] },
                { "name": "Maharajganj", "cities": ["Maharajganj"] },
                { "name": "Mahoba", "cities": ["Mahoba"] },
                { "name": "Mainpuri", "cities": ["Mainpuri"] },
                { "name": "Mathura", "cities": ["Mathura", "Vrindavan"] },
                { "name": "Mau", "cities": ["Mau"] },
                { "name": "Meerut", "cities": ["Meerut"] },
                { "name": "Mirzapur", "cities": ["Mirzapur"] },
                { "name": "Moradabad", "cities": ["Moradabad"] },
                { "name": "Muzaffarnagar", "cities": ["Muzaffarnagar"] },
                { "name": "Pilibhit", "cities": ["Pilibhit"] },
                { "name": "Pratapgarh", "cities": ["Pratapgarh"] },
                { "name": "Raebareli", "cities": ["Raebareli"] },
                { "name": "Rampur", "cities": ["Rampur"] },
                { "name": "Saharanpur", "cities": ["Saharanpur"] },
                { "name": "Sambhal", "cities": ["Sambhal"] },
                { "name": "Sant Kabir Nagar", "cities": ["Khalilabad"] },
                { "name": "Sant Ravidas Nagar", "cities": ["Bhadohi"] },
                { "name": "Shahjahanpur", "cities": ["Shahjahanpur"] },
                { "name": "Shamli", "cities": ["Shamli"] },
                { "name": "Shravasti", "cities": ["Bhinga"] },
                { "name": "Siddharthnagar", "cities": ["Naugarh"] },
                { "name": "Sitapur", "cities": ["Sitapur"] },
                { "name": "Sonbhadra", "cities": ["Robertsganj"] },
                { "name": "Sultanpur", "cities": ["Sultanpur"] },
                { "name": "Unnao", "cities": ["Unnao"] },
                { "name": "Varanasi", "cities": ["Varanasi"] }
            ]
        },
        {
            "name": "Uttarakhand",
            "districts": [
                { "name": "Almora", "cities": ["Almora"] },
                { "name": "Bageshwar", "cities": ["Bageshwar"] },
                { "name": "Chamoli", "cities": ["Gopeshwar"] },
                { "name": "Champawat", "cities": ["Champawat"] },
                { "name": "Dehradun", "cities": ["Dehradun", "Rishikesh"] },
                { "name": "Haridwar", "cities": ["Haridwar", "Roorkee"] },
                { "name": "Nainital", "cities": ["Nainital", "Haldwani"] },
                { "name": "Pauri Garhwal", "cities": ["Pauri", "Kotdwar"] },
                { "name": "Pithoragarh", "cities": ["Pithoragarh"] },
                { "name": "Rudraprayag", "cities": ["Rudraprayag"] },
                { "name": "Tehri Garhwal", "cities": ["New Tehri"] },
                { "name": "Udham Singh Nagar", "cities": ["Rudrapur", "Kashipur"] },
                { "name": "Uttarkashi", "cities": ["Uttarkashi"] }
            ]
        },
        {
            "name": "West Bengal",
            "districts": [
                { "name": "Alipurduar", "cities": ["Alipurduar"] },
                { "name": "Bankura", "cities": ["Bankura"] },
                { "name": "Birbhum", "cities": ["Suri", "Bolpur", "Santiniketan"] },
                { "name": "Cooch Behar", "cities": ["Cooch Behar"] },
                { "name": "Dakshin Dinajpur", "cities": ["Balurghat"] },
                { "name": "Darjeeling", "cities": ["Darjeeling", "Siliguri", "Kurseong"] },
                { "name": "Hooghly", "cities": ["Chinsurah", "Serampore"] },
                { "name": "Howrah", "cities": ["Howrah"] },
                { "name": "Jalpaiguri", "cities": ["Jalpaiguri"] },
                { "name": "Jhargram", "cities": ["Jhargram"] },
                { "name": "Kalimpong", "cities": ["Kalimpong"] },
                { "name": "Kolkata", "cities": ["Kolkata"] },
                { "name": "Malda", "cities": ["English Bazar"] },
                { "name": "Murshidabad", "cities": ["Baharampur"] },
                { "name": "Nadia", "cities": ["Krishnanagar", "Kalyani"] },
                { "name": "North 24 Parganas", "cities": ["Barasat", "Bidhannagar"] },
                { "name": "Paschim Bardhaman", "cities": ["Asansol", "Durgapur"] },
                { "name": "Paschim Medinipur", "cities": ["Medinipur", "Kharagpur"] },
                { "name": "Purba Bardhaman", "cities": ["Bardhaman"] },
                { "name": "Purba Medinipur", "cities": ["Tamluk", "Haldia"] },
                { "name": "Purulia", "cities": ["Purulia"] },
                { "name": "South 24 Parganas", "cities": ["Alipore"] },
                { "name": "Uttar Dinajpur", "cities": ["Raiganj"] }
            ]
        }
    ]
}

    